Designator,Footprint,Quantity,Value,LCSC Part #
"C1, C10, C11, C12, C13, C14, C2, C3, C6, C9",0805,10,100nF,C0805C104K5RACTU
"C4, C5, C7, C8",0805,4,22pF,C0805C220J5GACTU
D1,D_DO-35_SOD27_P10.16mm_Horizontal,1,Diode,1N4148
J1,PinSocket_1x08_P2.54mm_Vertical,1,Power Header,SSW-108-01-T-S
J2,PinSocket_1x10_P2.54mm_Vertical,1,Digital/PWM Header,SSW-110-01-T-S
J3,PinSocket_1x06_P2.54mm_Vertical,1,Analog Header,SSW-106-01-T-S
J4,PinSocket_1x08_P2.54mm_Vertical,1,Digital/PWM Header,SSW-108-01-T-S
J5,USB_C_Receptacle_GCT_USB4105-xx-A_16P_TopMnt_Horizontal,1,USB_C_Receptacle_USB2.0_14P,SS-52400-002
J6,PinHeader_2x03_P2.54mm_Vertical,1,ICSP Header, TSW-103-07-G-D
Q1,SOT-23,1,AO3401A,AO3401A
"R1, R5, R6, R7",0805,4,10k,ERJ6ENF1002V
R2,0805,1,1m,EE-SX953-W 1M
"R3, R4",0805,2,5.1k,RC0805FR-075K1L
U1,DIP-28_W7.62mm_Socket_LongPads,1,ATmega328P-P,ATMEGA328P-PU
U2,SOIC-16_3.9x9.9mm_P1.27mm,1,CH340G,CH340G
U3,TO-92_Inline,1,LM2931AZ-5.0_TO92,LM2931AZ-5.0RAG
U4,TO-92_Inline,1,MCP1700x-330xxTO,
U5,DIP-8_W7.62mm_Socket_LongPads,1,LM358,LM358S-13
Y1,Crystal_HC49-U_Vertical,1,12MHz,ABLS2-12.000MHZ-D4Y-T
Y2,Crystal_HC49-U_Vertical,1,16MHz,ABM8G-16.000MHZ-18-D2Y-T
