Designator,Mid X,Mid Y,Rotation,Layer
C1,32.0,46.0,0.0,top
C10,59.45,36.25,0.0,top
C11,59.45,45.75,0.0,top
C12,39.25,7.75,0.0,top
C13,29.0,27.75,0.0,top
C14,59.45,41.0,0.0,top
C2,54.0,39.03,0.0,top
C3,44.55,7.75,0.0,top
C4,29.0,38.0,0.0,top
C5,29.0,32.875,0.0,top
C6,33.95,7.75,0.0,top
C7,21.5,16.39,0.0,top
C8,21.5,11.5,0.0,top
C9,37.0,46.0,0.0,top
D1,50.67,46.0,180.0,top
J1,36.83,2.54,90.0,top
J2,30.226,50.8,90.0,top
J3,57.15,2.54,90.0,top
J4,54.61,50.8,90.0,top
J5,4.575,38.18,270.0,top
J6,64.815,27.915,0.0,top
Q1,27.6875,43.55,180.0,top
R1,42.0,47.0,0.0,top
R2,21.52,21.25,0.0,top
R3,8.0,46.0,0.0,top
R4,8.0,30.0,0.0,top
R5,49.75,39.03,0.0,top
R6,54.02,34.25,0.0,top
R7,28.5,7.75,0.0,top
U1,47.1,15.94,270.0,top
U2,36.0,39.0,270.0,top
U3,53.52,26.5,0.0,top
U4,38.5,26.5,0.0,top
U5,18.94,39.19,0.0,top
Y1,44.25,34.25,270.0,top
Y2,13.5,19.31,90.0,top
